,4ZSD_AD06_VBELN,4ZSD_AD06_POSNR,4ZSD_AD06_UEPOS,0PLANT,0PLANT___T,0UPD_DATE,4ZSD_AD06_ERDAT,4ZSD_AD06_GEWEI,4ZSD_AD06_GEWEI___T,4ZSD_AD06_GRKOR,4ZSD_AD06_GSBER,4ZSD_AD06_KONDM,4ZSD_AD06_LPRIO,4ZSD_AD06_MATKL,4ZSD_AD06_MATNR,4ZSD_AD06_MFRGR,4ZSD_AD06_PRCTR,4ZSD_AD06_PSTYV,4ZSD_AD06_ROUTE,4ZSD_AD06_STKEY,4ZSD_AD06_STLNR,4ZSD_AD06_STLTY,4ZSD_AD06_VOLEH,4ZSD_AD06_VOLEH___T,4ZSD_AD06_VSTEL,4ZSD_AD06_ZZCARTIND,4ZSD_AD06_ZZCONF_DELV,4ZSD_AD06_ZZCONF_MAD,4ZSD_AD06_ZZCONPATH,4ZSD_AD06_ZZCUSTREQDATE,4ZSD_AD06_ZZLINEPACKAGE,4ZSD_AD06_ZZMPBLDDATE,4ZSD_AD06_ZZORGDLRDLVYDATE,4ZSD_AD06_ZZPACKVORSCHR,4ZSD_AD06_ZZPRCQTE,4ZSD_AD06_ZZTUSPCLIND,4ZSD_AD06_BRGEW,4ZSD_AD06_KBMENG,4ZSD_AD06_NTGEW,4ZSD_AD06_VOLUM,4ZSD_AD06_ZZLINEVOLUME,4ZSD_AD06_ZZLINEWEIGHT
0,0007227476,000010,000000,Z100,GR-Unsupported Products,00000000,20180625,LB,Pound,000,9020,01,50,P09,SPOC,BC,P00154,ZRON,TS01,,,,CF,Cubic foot,EP00,C,20200625,20200619,GM2EP,20200625,00002,00000000,20180104,C,,,100.002000000000000000,2.000000000000000000,100.002000000000000000,120.002000000000000000,120.004000000000000000,100.004000000000000000
1,0007236281,000428,000390,5500,SC Wood Plant,20200710,20200602,LB,Pound,015,9020,,50,T01,215073_PP,BB,P00007,ZSL,TS01,1,01521905,M,CF,Cubic foot,EP00,C,20200707,20200630,GM2EP,20200707,00001,20200625,00000000,C,,,343.046000000000000000,22.000000000000000000,343.046000000000000000,64.592000000000000000,145.333000000000000000,391.232000000000000000
2,0007236284,000200,000190,8300,AMEX Plant,20210126,20180704,LB,Pound,009,9020,,50,T01,TS5HLB2442T001,BB,P00179,ZSL,TS01,1,00255775,M,CF,Cubic foot,EP00,C,20210223,20210215,SC2EP,20210223,00001,20210211,20201005,C,16Z06806,,50.804000000000000000,1.000000000000000000,50.804000000000000000,0.001000000000000000,5.402000000000000000,57.436000000000000000
3,0007238833,000180,000000,8300,AMEX Plant,20201103,20180706,LB,Pound,002,9020,04,50,P01,HS2L3,CH,P00179,ZSH,TS01,5,,M,CF,Cubic foot,EP00,C,20201228,20201216,SC2EP,20201228,00000,20201215,20191206,,18Z02615,,0E-18,4.000000000000000000,0E-18,0E-18,0E-18,0E-18
4,0007238834,000350,000340,6000,Kentwood Plant,20201105,20200805,LB,Pound,015,9020,,50,T01,157205002002,BC,P00011,ZSL,TS01,1,01281665,M,CF,Cubic foot,EP00,C,20201106,20201102,GM2EP,20201106,00002,20201111,00000000,C,18Z02615,,104.166000000000000000,2.000000000000000000,104.166000000000000000,0.002000000000000000,2.706000000000000000,107.826000000000000000
5,0007401423,001000,000990,8300,AMEX Plant,20200601,20181128,LB,Pound,039,9020,01,50,T01,8231283001,BB,P00179,ZSL,TS01,1,01308885,M,CF,Cubic foot,NG00,C,20200618,20200610,SC2NG,20200616,00001,20200609,20190502,C,18Z06943,,107.695000000000000000,1.000000000000000000,107.695000000000000000,0.999000000000000000,18.957000000000000000,108.424000000000000000
6,0007403954,000010,000000,8300,AMEX Plant,20200812,20181130,LB,Pound,009,9020,01,50,P01,BFRQ36,BB,P00179,ZSH,TS01,5,,M,CF,Cubic foot,EP00,C,20200811,20200803,SC2EP,20200811,00000,20200730,20190822,C,17Z06095,,0E-18,2.000000000000000000,0E-18,0E-18,0E-18,0E-18
7,0007403954,000180,000170,8900,Reynosa Plant (US),20200729,20181130,LB,Pound,017,9020,01,50,T01,201025_CHR,CH,P00185,ZSL,TS01,1,01289106,M,CF,Cubic foot,EP00,U,20200811,20200803,RT2EP,20200811,00008,20200731,20190822,U,17Z06095,,526.696000000000000000,8.000000000000000000,526.696000000000000000,131.344000000000000000,131.424000000000000000,568.616000000000000000
8,0007472635,000720,000000,8300,AMEX Plant,20200730,20190208,LB,Pound,062,9020,01,50,P01,WS2448,BC,P00179,ZSH,TS01,5,,M,CF,Cubic foot,EP00,C,20200811,20200803,SC2EP,20200811,00000,20200729,20190520,C,18Z09037,,0E-18,1.000000000000000000,0E-18,0E-18,0E-18,0E-18
9,0007507558,000220,000210,8300,AMEX Plant,20200507,20190311,LB,Pound,008,9020,,50,T01,TS5TLDS2466001,BX,P00179,ZSL,TS02,1,00245004,M,CF,Cubic foot,GM00,C,20200527,20200518,SC2GM,20200508,00001,20200514,20191223,C,18Z05340,,115.415000000000000000,1.000000000000000000,115.415000000000000000,0.001000000000000000,8.082000000000000000,131.436000000000000000
10,0007507558,000840,000810,8800,Finished Goods,20200512,20190311,LB,Pound,032,9020,,50,T01,17277501,BC,P00019,ZSVC,TS02,,00531988,M,CF,Cubic foot,GM00,C,20200527,20200521,,20200508,00001,20200521,20191223,C,18Z05340,,11.400000000000000000,3.000000000000000000,11.400000000000000000,0.150000000000000000,0.573000000000000000,14.400000000000000000
11,0007507558,002280,002250,4000,Athens Plant,20200513,20190311,LB,Pound,076,9020,,50,T01,T522483,BC,P00045,ZSL,TS02,5,01371137,M,CF,Cubic foot,GM00,C,20200527,20200519,AA2GM,20200506,00001,20200518,20191223,C,18Z05340,,0.035000000000000000,1.000000000000000000,0.035000000000000000,0.999000000000000000,2.224000000000000000,4.535000000000000000
12,0007507558,006190,006180,8300,AMEX Plant,20200527,20190311,LB,Pound,198,9020,,50,T01,TS5LBBF23U001,C3,P00179,ZSL,TS02,1,00245418,M,CF,Cubic foot,GM00,C,20200527,20200518,SC2GM,20200508,00004,20200512,20191223,C,18Z05340,,248.972000000000000000,4.000000000000000000,248.972000000000000000,0.040000000000000000,206.528000000000000000,264.928000000000000000
13,0007507558,007830,000000,8900,Reynosa Plant (US),20201125,20190311,LB,Pound,245,9020,01,50,P01,N3LCUBEL,BC,P00185,ZSH,TS02,5,,M,CF,Cubic foot,GM00,C,20200615,20200605,RT2GM,20200506,00000,20200528,20191223,C,18Z05340,,0E-18,4.000000000000000000,0E-18,0E-18,0E-18,0E-18
14,0007542620,000150,000130,4000,Athens Plant,00000000,20190410,LB,Pound,999,9020,,50,T01,PFEX_DOOR_003,BC,P00045,ZSL,TS01,1,00975531,M,CF,Cubic foot,GM99,C,20200410,20200406,AA2GM,20200410,00001,00000000,20200410,C,,,32.392000000000000000,1.000000000000000000,32.392000000000000000,0.001000000000000000,4.671000000000000000,38.770000000000000000
15,0007542624,000020,000010,4000,Athens Plant,00000000,20190410,LB,Pound,999,9020,,50,T01,QCFA,BC,P00045,ZSL,TS01,5,00942690,M,CF,Cubic foot,GM99,C,20200410,20200406,AA2GM,20200410,00001,00000000,20200410,C,,,3.560000000000000000,5.000000000000000000,3.560000000000000000,0.500000000000000000,0.100000000000000000,3.760000000000000000
16,0007542624,000510,000490,4000,Athens Plant,00000000,20190410,LB,Pound,999,9020,,50,T01,PFEX_DOOR_025,BC,P00045,ZSL,TS01,1,00978330,M,CF,Cubic foot,GM99,C,20200410,20200406,AA2GM,20200410,00001,00000000,20200410,C,,,1.705000000000000000,1.000000000000000000,1.705000000000000000,0.001000000000000000,0.251000000000000000,1.995000000000000000
17,0007596519,000735,000710,5500,SC Wood Plant,00000000,20190618,LB,Pound,999,9020,02,50,T01,Y559612KT,DK,P00007,ZSL,TS01,1,01166331,M,CF,Cubic foot,EP00,C,20200402,20200327,GM2EP,20200402,00001,00000000,00000000,C,19Z00188,,0.608000000000000000,4.000000000000000000,0.608000000000000000,0.004000000000000000,0.240000000000000000,0.868000000000000000
18,0007596519,000960,000950,4500,Consolidated Customer Service,00000000,20190529,LB,Pound,999,9020,01,50,T01,100482_PP,DT,P00002,ZAK,TS01,1,00880290,M,CF,Cubic foot,EP00,C,20200402,20200327,GM2EP,20200402,00001,00000000,20191104,C,19Z00188,,0.070000000000000000,1.000000000000000000,0.070000000000000000,0.001000000000000000,0.052000000000000000,0.820000000000000000
19,0007625677,000010,000000,9900,Steelcase Corp. Administration,00000000,20190624,KG,Kilogram,000,9020,,50,,DODINSTALL,,P00063,SVM,,,,,,,,C,20200909,20200909,,20200909,00000,00000000,20190624,,14Z04777,,0E-18,1.000000000000000000,0E-18,0E-18,0E-18,0E-18
20,0007626374,000110,000000,4000,Athens Plant,00000000,20190624,LB,Pound,999,9020,01,50,P01,ZTSE1820,BC,P00045,ZSH,TS01,5,,M,CF,Cubic foot,GM00,C,20200907,20200831,AA2GM,20200907,00000,00000000,20200907,,,,0E-18,1.000000000000000000,0E-18,0E-18,0E-18,0E-18
21,0007628943,001370,001360,8300,AMEX Plant,20200609,20190625,LB,Pound,051,9020,,50,T01,60465771001,BB,P00179,ZSL,TS01,1,00400467,M,CF,Cubic foot,EP00,C,20200630,20200622,SC2EP,20200605,00001,20200617,20191018,C,15Z01487,,67.286000000000000000,1.000000000000000000,67.286000000000000000,0.999000000000000000,14.217000000000000000,68.015000000000000000
22,0007630342,000020,000010,4000,Athens Plant,00000000,20190626,LB,Pound,999,9020,,50,T01,Z3318108,BC,P00045,ZSL,TS01,1,00465398,M,CF,Cubic foot,GM00,C,20200909,20200902,AA2GM,20200909,00001,00000000,20200909,C,,,2.948000000000000000,1.000000000000000000,2.948000000000000000,0.200000000000000000,1.300000000000000000,7.248000000000000000
23,0007631040,001400,000000,8300,AMEX Plant,20200420,20190627,LB,Pound,039,9020,01,50,P01,BFS3048,BB,P00179,ZSH,TS02,5,,M,CF,Cubic foot,GM00,C,20200407,20200330,SC2GM,20200407,00000,20200326,20200408,,18Z01333,,0E-18,1.000000000000000000,0E-18,0E-18,0E-18,0E-18
24,0007633394,001460,001430,4000,Athens Plant,20200527,20190628,LB,Pound,039,9020,,50,T01,T522175,DL,P00045,ZSL,TS07,5,00936494,M,CF,Cubic foot,GM00,C,20200325,20200311,AA2GM,20200325,00002,20200303,20200414,C,18Z07974,,86.564000000000000000,2.000000000000000000,86.564000000000000000,1.998000000000000000,6.594000000000000000,89.844000000000000000
25,0007633394,002670,000000,8800,Finished Goods,20200527,20190628,LB,Pound,071,9020,01,50,P01,PWBWTBRD,BC,P00190,ZSC,TS07,5,,M,CF,Cubic foot,GM00,C,20200519,20200507,,20200403,00000,20200507,20200427,C,18Z07974,,0E-18,1.000000000000000000,0E-18,0E-18,0E-18,0E-18
26,0007633394,003120,000000,8800,Finished Goods,20200523,20190628,LB,Pound,000,9020,01,50,P01,TS4L27TG4,BL,P00019,CON,TS07,5,,M,CF,Cubic foot,GM00,C,20200403,20200324,,20200403,00002,20200324,20200427,C,18Z07974,,40.000000000000000000,2.000000000000000000,40.000000000000000000,1.998000000000000000,10.900000000000000000,46.000000000000000000
27,0007633395,002150,002120,4000,Athens Plant,20200702,20190629,LB,Pound,052,9020,01,50,T01,T530536,BC,P00045,ZSL,TS07,5,00840284,M,CF,Cubic foot,GM00,C,20200629,20200615,AA2GM,20200629,00002,20200611,20200629,C,18Z07974,,8.460000000000000000,12.000000000000000000,8.460000000000000000,11.988000000000000000,1.864000000000000000,10.860000000000000000
28,0007634097,000360,000320,8800,Finished Goods,20200701,20190628,LB,Pound,008,9020,04,50,T01,24751201,FR,P00019,ZSVC,TS07,,01302621,M,CF,Cubic foot,GM00,C,20200709,20200626,,20200709,00001,20200626,20200713,C,18Z07974,,3.200000000000000000,1.000000000000000000,3.200000000000000000,1.500000000000000000,1.750000000000000000,6.300000000000000000
29,0007666703,000740,000000,4000,Athens Plant,20200514,20190731,LB,Pound,068,9020,01,50,P01,RPF2427AL,BC,P00045,ZSH,TS01,5,,M,CF,Cubic foot,NT00,C,20200521,20200515,AA2NT,20200413,00000,20200515,20200413,,18Z08560,,0E-18,10.000000000000000000,0E-18,0E-18,0E-18,0E-18
30,0007666703,001120,001110,4000,Athens Plant,20200423,20190731,LB,Pound,070,9020,01,50,T01,104015,BL,P00045,ZSL,TS01,1,01356735,M,CF,Cubic foot,NT00,C,20200521,20200515,AA2NT,20200413,00006,20200515,20200413,C,18Z08560,,333.762000000000000000,6.000000000000000000,333.762000000000000000,52.320000000000000000,65.400000000000000000,366.162000000000000000
31,0007666703,001790,001770,8800,Finished Goods,20200507,20190731,LB,Pound,064,9020,,50,T01,801900135,BC,P00019,ZSVC,TS01,,00238282,M,CF,Cubic foot,NT00,C,20200526,20200518,GM2NT,20200413,00002,20200518,20200413,C,18Z08560,,44.000000000000000000,2.000000000000000000,44.000000000000000000,0.200000000000000000,0.572000000000000000,44.004000000000000000
32,0007667580,001120,000000,4000,Athens Plant,20200427,20190801,LB,Pound,011,9020,01,25,P01,TS766TEPJ,BC,P00045,ZSH,TS02,5,,M,CF,Cubic foot,NG00,C,20200402,20200326,AA2NG,20200402,00000,20200325,20190829,C,16Z01221,,0E-18,5.000000000000000000,0E-18,0E-18,0E-18,0E-18
33,0007667580,001160,000000,4000,Athens Plant,20200427,20190801,LB,Pound,000,9020,01,25,P01,TS76024TK,BC,P00045,ZSP,TS02,5,,M,CF,Cubic foot,NG00,C,20200402,20200326,AA2NG,20200402,00002,20200325,20190829,C,16Z01221,,54.672000000000000000,8.000000000000000000,54.672000000000000000,7.992000000000000000,11.374000000000000000,54.676000000000000000
34,0007671327,000550,000000,1010,Selling from Stock Kentwood,20200503,20190805,LB,Pound,022,9020,01,50,P01,TS130TLCWD,C3,P00191,ZSH,TS01,5,,M,CF,Cubic foot,NT00,C,20200511,20200504,GM2NT,20200511,00000,20200417,20200413,C,03Z00444,,0E-18,4.000000000000000000,0E-18,0E-18,0E-18,0E-18
35,0007682317,000180,000160,4000,Athens Plant,20200507,20190814,LB,Pound,999,9020,01,50,T01,T510915,BC,P00045,ZSL,TS01,5,00840281,M,CF,Cubic foot,NT00,C,20200601,20200526,AA2NT,20200601,00001,00000000,20191101,C,19Z00828,,8.400000000000000000,2.000000000000000000,8.400000000000000000,0.004000000000000000,1.910000000000000000,10.950000000000000000
36,0007682317,000800,000790,8800,Finished Goods,20200507,20190814,LB,Pound,999,9020,,50,T01,23436401,DI,P00019,ZSVC,TS01,L,01307671,M,CF,Cubic foot,NT00,C,20200601,20200522,GM2NT,20200601,00001,00000000,20191101,C,19Z00828,,1.637000000000000000,0E-18,1.637000000000000000,0.163000000000000000,0.315000000000000000,3.637000000000000000
37,0007685399,000190,000160,4000,Athens Plant,20200702,20190816,LB,Pound,001,9020,,50,T01,1346329001,BC,P00046,ZAK,TS02,1,01451969,M,CF,Cubic foot,GM00,C,20200713,20200706,AA2GM,20200713,00001,20200701,20190816,C,10Z01881,,6.978000000000000000,1.000000000000000000,6.978000000000000000,0.001000000000000000,2.378000000000000000,11.978000000000000000
38,0007686265,000810,000000,8800,Finished Goods,20200518,20190816,LB,Pound,038,9020,01,72,P01,WESINDPD,BC,P00019,ZSC,TS02,5,,M,CF,Cubic foot,WW00,C,20200618,20200609,GM2WW,20200415,00000,20200609,20190816,,19Z03915,,0E-18,1.000000000000000000,0E-18,0E-18,0E-18,0E-18
39,0007686279,000010,000000,8300,AMEX Plant,20200710,20190816,LB,Pound,001,9020,01,50,P01,N3LBA1200,BC,P00179,ZSH,TS01,5,,M,CF,Cubic foot,NT00,C,20200709,20200701,SC2NT,20200521,00000,20200701,20190816,,19Z03915,,0E-18,1.000000000000000000,0E-18,0E-18,0E-18,0E-18
40,0007686299,000750,000000,8800,Finished Goods,20200507,20190816,LB,Pound,031,9020,01,58,P01,SYLVIPWPASS,BC,P00019,ZSC,TS01,5,,M,CF,Cubic foot,NT00,C,20200526,20200518,GM2NT,20200428,00000,20200518,20190816,,19Z03915,,0E-18,1.000000000000000000,0E-18,0E-18,0E-18,0E-18
41,0007688365,001360,001340,4000,Athens Plant,20200701,20190819,LB,Pound,115,9020,01,50,T01,T510919,BC,P00045,ZSL,TS01,5,00841949,M,CF,Cubic foot,EP00,C,20200720,20200713,AA2EP,20200720,00001,20200713,20191011,C,18Z08665,,4.790000000000000000,1.000000000000000000,4.790000000000000000,0.999000000000000000,2.970000000000000000,8.890000000000000000
42,0007699061,000070,000010,8800,Finished Goods,20200423,20190828,LB,Pound,001,9020,04,50,T01,24751201,FR,P00019,ZSVC,TS02,,01302624,M,CF,Cubic foot,CC00,C,20200602,20200522,GM2CC,20200406,00001,20200522,20200406,C,19Z04919,,3.200000000000000000,1.000000000000000000,3.200000000000000000,1.500000000000000000,1.750000000000000000,6.300000000000000000
43,0007701622,000060,000050,8800,Finished Goods,20200708,20190829,LB,Pound,003,9020,04,50,T01,22598202,BB,P00019,ZSVC,TS02,,01270537,M,CF,Cubic foot,NG00,C,20200731,20200723,GM2NG,20200731,00003,20200723,20200327,C,15Z02675,,65.640000000000000000,3.000000000000000000,65.640000000000000000,3.000000000000000000,9.681000000000000000,65.646000000000000000
44,0007701623,000160,000000,4000,Athens Plant,20200714,20190829,LB,Pound,000,9020,01,50,P01,RBKHWM48,DK,P00045,ZSP,TS02,5,,M,CF,Cubic foot,NG00,C,20200803,20200727,AA2NG,20200803,00005,20200723,20200327,C,15Z02675,,161.930000000000000000,10.000000000000000000,161.930000000000000000,29.000000000000000000,10.550000000000000000,171.930000000000000000
45,0007701623,000510,000500,8300,AMEX Plant,20200713,20190829,LB,Pound,020,9020,,50,T01,60408791001,BB,P00179,ZSL,TS02,1,00401109,M,CF,Cubic foot,NG00,C,20200803,20200723,SC2NG,20200803,00001,20200721,20200327,C,15Z02675,,1809.801000000000000000,23.000000000000000000,1809.801000000000000000,0.023000000000000000,245.250000000000000000,1853.794000000000000000
46,0007701626,000140,000000,4000,Athens Plant,20200714,20190829,LB,Pound,001,9020,01,50,P01,RBB72TAK,A5,P00045,ZSH,TS02,5,,M,CF,Cubic foot,NG00,C,20200731,20200724,AA2NG,20200731,00000,20200723,20200327,C,15Z02675,,0E-18,32.000000000000000000,0E-18,0E-18,0E-18,0E-18
47,0007703712,000190,000180,8900,Reynosa Plant (US),20200417,20190903,LB,Pound,009,9020,01,50,T01,158075_PP,CH,P00185,ZSL,TS02,1,01263411,M,CF,Cubic foot,NG00,U,20200406,20200326,RT2NG,20200406,00004,20200325,20191202,U,07Z03403,,211.348000000000000000,4.000000000000000000,211.348000000000000000,66.084000000000000000,66.088000000000000000,214.712000000000000000
48,0007707687,010510,010450,8800,Finished Goods,20200613,20190905,LB,Pound,084,9020,01,50,T01,24012501,FR,P00019,ZSVC,TS01,,01270915,M,CF,Cubic foot,EP00,C,20200309,20200303,GM2EP,20200309,00004,20200303,20200217,C,18Z09037,,7.000000000000000000,4.000000000000000000,7.000000000000000000,0.812000000000000000,1.008000000000000000,8.600000000000000000
49,0007712293,000830,000000,8300,AMEX Plant,20200929,20190910,LB,Pound,029,9020,01,50,P01,UJC3268L,BB,P00179,ZSH,TS01,5,,M,CF,Cubic foot,GM00,C,20201019,20201012,SC2GM,20201019,00000,20201008,20200113,C,19Z04529,,0E-18,1.000000000000000000,0E-18,0E-18,0E-18,0E-18
50,0007712293,003620,000000,4500,Consolidated Customer Service,20201007,20190910,LB,Pound,108,9020,01,50,P01,LOCK9201FR,BC,P00002,ZHNC,TS01,5,,M,CF,Cubic foot,GM00,C,20201019,20201015,,20201019,00000,20201014,20200113,C,19Z04529,,0E-18,4.000000000000000000,0E-18,0E-18,0E-18,0E-18
51,0007712293,006670,006660,4500,Consolidated Customer Service,20201007,20190910,LB,Pound,190,9020,04,50,T01,TS714WSP_PP,BC,P00002,ZSL,TS01,5,00065602,M,CF,Cubic foot,GM00,C,20201019,20201015,,20201019,00001,20201015,20200113,C,19Z04529,,1.188000000000000000,1.000000000000000000,1.188000000000000000,0.010000000000000000,0.300000000000000000,1.488000000000000000
52,0007712293,007840,007820,4000,Athens Plant,20201001,20190910,LB,Pound,222,9020,,50,T01,T521097,BC,P00045,ZSL,TS01,5,00846452,M,CF,Cubic foot,GM00,C,20201019,20201013,AA2GM,20201019,00001,20201012,20200113,C,19Z04529,,0.152000000000000000,4.000000000000000000,0.152000000000000000,3.996000000000000000,0.081000000000000000,0.402000000000000000
53,0007712293,010760,000000,6000,Kentwood Plant,20200930,20190910,LB,Pound,306,9020,01,50,P01,OLELLCB,BC,P00011,ZSH,TS01,5,,M,CF,Cubic foot,GM00,C,20201019,20201015,,20201019,00000,20201015,20200113,C,19Z04529,,0E-18,1.000000000000000000,0E-18,0E-18,0E-18,0E-18
54,0007712293,011470,000000,8300,AMEX Plant,20200929,20190910,LB,Pound,328,9020,01,50,P01,UJC2388R,BB,P00179,ZSH,TS01,5,,M,CF,Cubic foot,GM00,C,20201019,20201012,SC2GM,20201019,00000,20201008,20200113,C,19Z04529,,0E-18,1.000000000000000000,0E-18,0E-18,0E-18,0E-18
55,0007713620,000120,000110,4000,Athens Plant,00000000,20190910,LB,Pound,999,9020,,50,T01,PFEX_FRME_009,BC,P00045,ZSL,TS01,1,00942691,M,CF,Cubic foot,GM99,C,20200721,20200715,AA2GM,20200721,00001,00000000,20200721,C,,,1.540000000000000000,2.000000000000000000,1.540000000000000000,0.026000000000000000,0.818000000000000000,2.099000000000000000
56,0007713620,003680,000000,8800,Finished Goods,00000000,20190910,LB,Pound,999,9020,01,50,P01,FEDLSWSSR,BC,P00019,ZSC,TS01,5,,M,CF,Cubic foot,GM99,C,20200721,20200717,,20200721,00000,00000000,20200721,C,,,0E-18,1.000000000000000000,0E-18,0E-18,0E-18,0E-18
57,0007713700,000010,000000,4000,Athens Plant,00000000,20190911,LB,Pound,999,9020,01,05,S01,22417101SR,BC,P00045,ZSH,TS01,5,,M,CF,Cubic foot,NT99,C,20200313,20200309,AA2NT,20190919,00000,00000000,20190919,,19Z02960,,0E-18,16.000000000000000000,0E-18,0E-18,0E-18,0E-18
58,0007717998,000740,000000,5500,SC Wood Plant,20200417,20190913,LB,Pound,999,9020,01,26,P01,E6BS153036P,BC,P00007,ZSH,TS02,5,,M,CF,Cubic foot,GM00,C,20200422,20200417,,20200422,00000,00000000,20200421,C,19Z00188,,0E-18,2.000000000000000000,0E-18,0E-18,0E-18,0E-18
59,0007717998,001050,001040,5500,SC Wood Plant,00000000,20190913,LB,Pound,999,9020,,26,T01,E6C2430DL,A8,P00007,ZSL,TS02,1,01167022,M,CF,Cubic foot,GM00,C,20200422,20200417,,20200422,00003,00000000,20200421,C,19Z00188,,307.677000000000000000,3.000000000000000000,307.677000000000000000,96.000000000000000000,78.480000000000000000,369.006000000000000000
60,0007719256,000030,000010,8800,Finished Goods,20211111,20190916,LB,Pound,001,9020,01,50,T01,22715203,BC,P00019,ZSVC,TS01,,01152300,M,CF,Cubic foot,NT00,C,20211129,20211118,GM2NT,20211129,00001,20211118,20200106,C,15Z08059,,64.010000000000000000,1.000000000000000000,64.010000000000000000,0.999000000000000000,5.100000000000000000,67.510000000000000000
61,0007721337,000050,000000,4000,Athens Plant,20200710,20190917,LB,Pound,001,9020,01,50,P01,WHG6606,BC,P00045,ZSH,TS01,5,,M,CF,Cubic foot,GM00,C,20200616,20200610,AA2GM,20200616,00000,20200608,20191209,C,07Z00800,,0E-18,3.000000000000000000,0E-18,0E-18,0E-18,0E-18
62,0007724944,000300,000000,6000,Kentwood Plant,00000000,20190920,LB,Pound,000,9020,01,50,P01,UE24,BL,P00011,ZSP,TS01,5,,M,CF,Cubic foot,EP00,C,20200313,20200309,GM2EP,20200313,00001,20200309,20200106,C,18Z02373,,25.620000000000000000,1.000000000000000000,25.620000000000000000,0.999000000000000000,6.338000000000000000,31.990000000000000000
63,0007724944,000520,000000,4000,Athens Plant,00000000,20190920,LB,Pound,000,9020,01,50,P01,TS71836TB,BC,P00045,ZSP,TS01,5,,M,CF,Cubic foot,EP00,C,20200313,20200306,AA2EP,20200313,00001,20200305,20200106,C,18Z02373,,8.594000000000000000,1.000000000000000000,8.594000000000000000,0.800000000000000000,1.990000000000000000,11.694000000000000000
64,0007725256,000120,000000,4000,Athens Plant,00000000,20190920,LB,Pound,013,9020,01,50,P01,RBB30QTAK,A5,P00045,ZSH,TS01,5,,M,CF,Cubic foot,EP00,C,20200317,20200310,AA2EP,20200317,00000,20200310,20200106,C,18Z02373,,0E-18,1.000000000000000000,0E-18,0E-18,0E-18,0E-18
65,0007726063,000840,000000,4000,Athens Plant,00000000,20190920,LB,Pound,000,9020,01,50,P01,TS7BSWHC,BC,P00045,ZSP,TS01,5,,M,CF,Cubic foot,EP00,C,20200312,20200305,AA2EP,20200312,00002,20200305,20200106,C,18Z02373,,46.080000000000000000,6.000000000000000000,46.080000000000000000,0.600000000000000000,1.928000000000000000,48.080000000000000000
66,0007726794,000780,000000,8800,Finished Goods,00000000,20190923,LB,Pound,057,9020,01,50,P01,E6IT5421M,BC,P00019,ZSC,TS02,5,,M,CF,Cubic foot,NG00,C,20200320,20200312,GM2NG,20200320,00000,20200312,20200323,,19Z01642,,0E-18,1.000000000000000000,0E-18,0E-18,0E-18,0E-18
67,0007729208,002110,000000,8800,Finished Goods,20200710,20190924,LB,Pound,001,9020,01,50,P01,UFP,BL,P00019,CON,TS02,5,,M,CF,Cubic foot,GM00,C,20200706,20200630,,20200615,00003,20200630,20200428,C,19Z06042,,67.000000000000000000,10.000000000000000000,67.000000000000000000,9.990000000000000000,8.625000000000000000,73.300000000000000000
68,0007729428,004670,000000,4000,Athens Plant,20200903,20190924,LB,Pound,156,9020,01,50,P01,TS754TEPJ,BC,P00045,ZSH,TS02,5,,M,CF,Cubic foot,GM00,C,20200520,20200513,AA2GM,20200520,00000,20200512,20200520,C,19Z06042,,0E-18,22.000000000000000000,0E-18,0E-18,0E-18,0E-18
69,0007729428,005760,000000,8300,AMEX Plant,20200903,20190924,LB,Pound,190,9020,01,50,P01,TS4THDR42T,BC,P00179,ZSH,TS02,5,,M,CF,Cubic foot,GM00,C,20200520,20200512,SC2GM,20200520,00000,20200511,20200520,C,19Z06042,,0E-18,4.000000000000000000,0E-18,0E-18,0E-18,0E-18
70,0007729428,006250,006240,5500,SC Wood Plant,20200710,20190924,LB,Pound,211,9020,,50,T01,160699_PP,BB,P00007,ZSL,TS02,1,00399871,M,CF,Cubic foot,GM00,C,20200624,20200619,,20200624,00003,20200618,20200615,C,19Z06042,,142.473000000000000000,3.000000000000000000,142.473000000000000000,7.044000000000000000,35.037000000000000000,142.476000000000000000
71,0007729428,007410,000000,4000,Athens Plant,20200903,20190924,LB,Pound,000,9020,01,50,P01,TS72448MB,FK,P00045,ZSP,TS02,5,,M,CF,Cubic foot,GM00,C,20200615,20200608,AA2GM,20200615,00016,20200604,20200615,C,19Z06042,,523.296000000000000000,32.000000000000000000,523.296000000000000000,31.968000000000000000,32.000000000000000000,539.296000000000000000
72,0007729428,008770,000000,4000,Athens Plant,20200903,20190924,LB,Pound,294,9020,01,50,P01,TS7TFGRC,BC,P00045,ZSH,TS02,5,,M,CF,Cubic foot,GM00,C,20200727,20200720,AA2GM,20200727,00000,20200717,20200727,C,19Z06042,,0E-18,3.000000000000000000,0E-18,0E-18,0E-18,0E-18
73,0007729428,010680,000000,4000,Athens Plant,20200903,20190924,LB,Pound,356,9020,01,50,P01,TS748THF,BC,P00045,ZSH,TS02,5,,M,CF,Cubic foot,GM00,C,20200908,20200831,AA2GM,20200908,00000,20200828,20200908,C,19Z06042,,0E-18,99.000000000000000000,0E-18,0E-18,0E-18,0E-18
74,0007732274,000930,000920,5500,SC Wood Plant,00000000,20190926,LB,Pound,063,9020,,50,T01,YTS76024LS,BC,P00007,ZSL,TS02,1,00866368,M,CF,Cubic foot,NG00,C,20200320,20200312,GM2NG,20200320,00002,20200311,20200323,C,19Z01642,,85.275000000000000000,3.000000000000000000,85.275000000000000000,9.141000000000000000,19.620000000000000000,88.171000000000000000
75,0007732999,000390,000340,4000,Athens Plant,00000000,20190926,LB,Pound,007,9020,01,50,T01,T530692,BC,P00045,ZSL,TS01,5,00841923,M,CF,Cubic foot,CC00,C,20200330,20200323,AA2CC,20200330,00001,20200323,20200113,C,17Z04825,,1.154000000000000000,2.000000000000000000,1.154000000000000000,1.998000000000000000,0.502000000000000000,1.854000000000000000
76,0007732999,002350,000000,6000,Kentwood Plant,20200613,20190926,LB,Pound,025,9020,01,50,P01,OLSLRQ,BC,P00011,ZSH,TS01,5,,M,CF,Cubic foot,CC00,C,20200330,20200323,GM2CC,20200330,00000,20200323,20200113,C,17Z04825,,0E-18,20.000000000000000000,0E-18,0E-18,0E-18,0E-18
77,0007732999,002580,002570,4500,Consolidated Customer Service,00000000,20190926,LB,Pound,028,9020,01,50,T01,100482_PP,DT,P00002,ZSL,TS01,1,00880108,M,CF,Cubic foot,CC00,C,20200330,20200323,GM2CC,20200330,00001,20200320,20200113,C,17Z04825,,4.900000000000000000,70.000000000000000000,4.900000000000000000,0.070000000000000000,0.052000000000000000,5.650000000000000000
78,0007735237,000180,000170,8800,Finished Goods,20200430,20190927,LB,Pound,008,9020,,50,T01,1039672001,BH,P00019,ZSVC,TS02,L,01335037,M,CF,Cubic foot,GM00,C,20200317,20200312,,20200317,00002,20200312,20200317,C,18Z04588,,70.632000000000000000,2.000000000000000000,70.632000000000000000,0.002000000000000000,2.344000000000000000,75.832000000000000000
79,0007735257,001250,001200,6000,Kentwood Plant,00000000,20190927,LB,Pound,101,9020,,50,T01,11M0846,BC,P00011,ZSL,TS02,1,00459062,M,CF,Cubic foot,GM00,C,20200312,20200309,,20200305,00001,20200309,20200310,C,18Z04588,,44.063000000000000000,1.000000000000000000,44.063000000000000000,0.740000000000000000,0.740000000000000000,45.561000000000000000
80,0007735257,002810,000000,5500,SC Wood Plant,00000000,20190927,LB,Pound,033,9020,01,50,P01,RATCL1872P,BB,P00007,ZSH,TS02,5,,M,CF,Cubic foot,GM00,C,20200305,20200302,,20200305,00000,20200228,20200310,C,18Z04588,,0E-18,2.000000000000000000,0E-18,0E-18,0E-18,0E-18
81,0007736298,000140,000130,4000,Athens Plant,00000000,20190930,LB,Pound,007,9020,,50,T01,QGPGCTU,DL,P00045,ZSL,TS01,5,00906692,M,CF,Cubic foot,GM99,C,20200325,20200319,AA2GM,20200325,00006,20200313,20201211,C,18Z02446,X,292.278000000000000000,6.000000000000000000,292.278000000000000000,86.040000000000000000,209.580000000000000000,322.278000000000000000
82,0007736298,002480,000000,4000,Athens Plant,00000000,20190930,LB,Pound,098,9020,01,50,P01,GPFS,BC,P00045,ZSH,TS01,5,,M,CF,Cubic foot,GM99,C,20200401,20200326,AA2GM,20200401,00000,20200325,20191218,C,18Z02446,,0E-18,6.000000000000000000,0E-18,0E-18,0E-18,0E-18
83,0007736871,000030,000000,8900,Reynosa Plant (US),20200602,20190930,LB,Pound,002,9020,01,50,P01,475415M,AF,P00185,ZSH,TS01,5,,M,CF,Cubic foot,EP00,U,20200622,20200612,RT2EP,20200408,00000,20200611,20191205,U,19Z05779,,0E-18,8.000000000000000000,0E-18,0E-18,0E-18,0E-18
84,0007737484,000050,000040,8900,Reynosa Plant (US),20200508,20190930,LB,Pound,002,9020,01,50,T01,P465_WORK_2,CH,P00185,ZSL,TS01,1,01047239,M,CF,Cubic foot,NT00,U,20200306,20200302,RT2NT,20200306,00074,20200227,20200217,U,18Z05023,,2565.654000000000000000,74.000000000000000000,2565.654000000000000000,1215.154000000000000000,1222.554000000000000000,2580.454000000000000000
85,0007737952,001940,001930,4000,Athens Plant,00000000,20191001,LB,Pound,081,9020,,50,T01,QEPEX,BC,P00045,ZSL,TS01,5,00903546,M,CF,Cubic foot,GM99,C,20200306,20200302,AA2GM,20200306,00001,20200226,20191204,C,18Z02446,,15.135000000000000000,3.000000000000000000,15.135000000000000000,1.236000000000000000,2.236000000000000000,20.135000000000000000
86,0007738616,000810,000800,5500,SC Wood Plant,20200520,20191002,LB,Pound,028,9020,,26,T01,65606B01L,A8,P00007,ZSL,TS01,1,01151467,M,CF,Cubic foot,NC00,C,20200616,20200608,GM2NC,20200616,00003,20200528,20200515,C,19Z00188,X,207.432000000000000000,3.000000000000000000,207.432000000000000000,92.700000000000000000,61.959000000000000000,269.241000000000000000
87,0007750785,000550,000520,4000,Athens Plant,00000000,20191010,LB,Pound,017,9020,01,50,T01,T520837,BC,P00045,ZSL,TS01,5,00855219,M,CF,Cubic foot,NG00,C,20200320,20200316,AA2NG,20200320,00002,20200316,20200221,C,18Z05603,,1.170000000000000000,3.000000000000000000,1.170000000000000000,1.839000000000000000,2.461000000000000000,3.870000000000000000
88,0007750785,002040,002030,4500,Consolidated Customer Service,00000000,20191010,LB,Pound,052,9020,01,50,T01,100482_PP,DT,P00002,ZSL,TS01,1,00880108,M,CF,Cubic foot,NG00,C,20200330,20200323,GM2NG,20200330,00001,20200320,20200302,C,18Z05603,,9.100000000000000000,130.000000000000000000,9.100000000000000000,0.130000000000000000,1.462000000000000000,9.600000000000000000
89,0007751705,000050,000000,8900,Reynosa Plant (US),00000000,20191011,LB,Pound,003,9020,04,50,P01,451-3730FI,BC,P00185,ZSH,TS01,5,,M,CF,Cubic foot,NG00,C,20200316,20200306,RT2NG,20200316,00000,20200303,20200224,C,03Z00444,,0E-18,4.000000000000000000,0E-18,0E-18,0E-18,0E-18
90,0007752083,001610,000000,8800,Finished Goods,00000000,20191011,LB,Pound,000,9020,01,50,P01,TS5AFSBBF,C3,P00019,CON,TS01,5,,M,CF,Cubic foot,NG00,C,20200310,20200303,GM2NG,20200310,00002,20200303,20200217,C,03Z00444,,138.000000000000000000,2.000000000000000000,138.000000000000000000,1.998000000000000000,18.686000000000000000,148.000000000000000000
91,0007752931,002250,002240,4000,Athens Plant,20200521,20191011,LB,Pound,079,9020,,50,T01,QECT5120SF,BC,P00045,ZSL,TS02,5,00901986,M,CF,Cubic foot,GM99,C,20200615,20200608,AA2GM,20200615,00001,20200529,20200615,C,19Z06042,,2.812000000000000000,4.000000000000000000,2.812000000000000000,17.600000000000000000,18.600000000000000000,8.812000000000000000
92,0007753270,000120,000110,5500,SC Wood Plant,00000000,20191011,LB,Pound,005,9020,,50,T01,60972A01L,BL,P00007,ZSL,TS02,1,01153284,M,CF,Cubic foot,GM00,C,20200306,20200303,,20200306,00024,20200228,20200306,C,18Z04588,X,1586.616000000000000000,24.000000000000000000,1586.616000000000000000,0.024000000000000000,413.064000000000000000,1597.152000000000000000
93,0007754349,001860,001840,6000,Kentwood Plant,00000000,20191014,LB,Pound,111,9020,01,50,T01,T500989,DK,P00011,ZSL,TS01,5,00841983,M,CF,Cubic foot,CC00,C,20200324,20200317,GM2CC,20200324,00001,20200317,20200324,C,07Z00800,,3.163000000000000000,1.000000000000000000,3.163000000000000000,0.999000000000000000,1.159000000000000000,3.164000000000000000
94,0007754451,000180,000170,8800,Finished Goods,20200721,20200612,LB,Pound,009,9230,08,50,T01,24349902,FU,P00019,ZSVC,IS15,,01244793,M,CF,Cubic foot,NG00,C,20200807,20200717,GM2NG,20200807,00008,20200717,00000000,C,17Z04984,,32.000000000000000000,8.000000000000000000,32.000000000000000000,16.000000000000000000,54.016000000000000000,53.840000000000000000
95,0007754533,000840,000000,4000,Athens Plant,20200611,20191014,LB,Pound,025,9020,01,50,P01,TS730THF,BC,P00045,ZSH,TS01,5,,M,CF,Cubic foot,NG00,C,20200626,20200622,AA2NG,20200626,00000,20200622,20200414,C,18Z05603,,0E-18,1.000000000000000000,0E-18,0E-18,0E-18,0E-18
96,0007754533,001800,000000,8800,Finished Goods,20200610,20191014,LB,Pound,000,9020,01,50,P01,TS73SSX,DJ,P00019,CON,TS01,5,,M,CF,Cubic foot,NG00,C,20200626,20200619,GM2NG,20200626,00005,20200619,20200414,C,18Z05603,,34.200000000000000000,190.000000000000000000,34.200000000000000000,9.500000000000000000,1.305000000000000000,36.700000000000000000
97,0007755886,001140,000000,6000,Kentwood Plant,00000000,20191015,LB,Pound,032,9020,01,50,P01,BX36,BL,P00011,ZSH,TS02,5,,M,CF,Cubic foot,CC00,C,20200312,20200304,GM2CC,20200312,00000,20200303,20200312,C,14Z07530,,0E-18,1.000000000000000000,0E-18,0E-18,0E-18,0E-18
98,0007757339,003070,003050,4000,Athens Plant,00000000,20191016,LB,Pound,132,9020,,50,T01,40994C01,BC,P00045,ZSL,TS02,1,01432922,M,CF,Cubic foot,GM99,C,20200324,20200317,AA2GM,20191126,00001,00000000,20191126,C,19Z06922,X,1.705000000000000000,1.000000000000000000,1.705000000000000000,0.001000000000000000,0.251000000000000000,1.995000000000000000
99,0007758763,000010,000000,A100,Ancillary Partner,20200512,20191017,LB,Pound,001,9020,10,71,P01,BD1FD1LNGCHRLTHR,AK,P0A100,ZAD,TS02,5,,M,CF,Cubic foot,GM00,C,20200518,20200513,,20200429,00000,00000000,20200430,,,,0E-18,2.000000000000000000,0E-18,0E-18,0E-18,0E-18
